{"cameraMode":{"drawMode":0,"name":"Shaded","section":"Shading Mode"},"sceneLighting":true,"audioPlay":false,"sceneViewState":{"showFog":false,"showMaterialUpdate":false,"showSkybox":false,"showFlares":false,"showImageEffects":false,"showParticleSystems":true},"in2DMode":false,"pivot":{"x":-55.90422439575195,"y":1.8232251405715943,"z":55.25318145751953},"rotation":{"x":-0.3100084960460663,"y":-0.031373653560876849,"z":0.010207128711044789,"w":-0.9501612186431885},"size":0.23392431437969209,"orthographic":false}