{"cameraMode":{"drawMode":0,"name":"Shaded","section":"Shading Mode"},"sceneLighting":false,"audioPlay":false,"sceneViewState":{"showFog":true,"showMaterialUpdate":true,"showSkybox":false,"showFlares":true,"showImageEffects":true,"showParticleSystems":true},"in2DMode":false,"pivot":{"x":0.0,"y":0.04999999701976776,"z":-0.04999999701976776},"rotation":{"x":-0.3257482647895813,"y":0.00907498225569725,"z":-0.00312540284357965,"w":-0.9454078674316406},"size":1.2101213932037354,"orthographic":false}