{"cameraMode":{"drawMode":0,"name":"Shaded","section":"Shading Mode"},"sceneLighting":false,"audioPlay":false,"sceneViewState":{"showFog":true,"showMaterialUpdate":true,"showSkybox":false,"showFlares":true,"showImageEffects":true,"showParticleSystems":true},"in2DMode":false,"pivot":{"x":-55.560001373291019,"y":-0.1899999976158142,"z":55.61499786376953},"rotation":{"x":0.31340011954307558,"y":0.40924641489982607,"z":-0.15209126472473145,"w":0.8433066606521606},"size":1.3510669469833375,"orthographic":false}