{"cameraMode":{"drawMode":0,"name":"Shaded","section":"Shading Mode"},"sceneLighting":false,"audioPlay":false,"sceneViewState":{"showFog":true,"showMaterialUpdate":true,"showSkybox":false,"showFlares":true,"showImageEffects":true,"showParticleSystems":true},"in2DMode":false,"pivot":{"x":0.0013120174407958985,"y":0.3082250952720642,"z":-0.018311917781829835},"rotation":{"x":-0.18706946074962617,"y":0.16185042262077332,"z":-0.03126304969191551,"w":-0.9684172868728638},"size":1.573642611503601,"orthographic":false}