{"cameraMode":{"drawMode":0,"name":"Shaded","section":"Shading Mode"},"sceneLighting":false,"audioPlay":false,"sceneViewState":{"showFog":true,"showMaterialUpdate":true,"showSkybox":false,"showFlares":true,"showImageEffects":true,"showParticleSystems":true},"in2DMode":false,"pivot":{"x":-56.57609939575195,"y":0.9210000038146973,"z":57.23440170288086},"rotation":{"x":-0.3356558680534363,"y":-0.009326850064098835,"z":0.0033251491840928795,"w":-0.9419326186180115},"size":0.9168819785118103,"orthographic":false}