{"cameraMode":{"drawMode":0,"name":"Shaded","section":"Shading Mode"},"sceneLighting":false,"audioPlay":false,"sceneViewState":{"showFog":true,"showMaterialUpdate":true,"showSkybox":false,"showFlares":true,"showImageEffects":true,"showParticleSystems":true},"in2DMode":false,"pivot":{"x":-55.410552978515628,"y":0.8273604512214661,"z":57.442100524902347},"rotation":{"x":-0.19259224832057954,"y":0.012361831031739712,"z":-0.002424892270937562,"w":-0.9811980128288269},"size":22.0,"orthographic":false}