{"cameraMode":{"drawMode":0,"name":"Shaded","section":"Shading Mode"},"sceneLighting":false,"audioPlay":false,"sceneViewState":{"showFog":true,"showMaterialUpdate":false,"showSkybox":false,"showFlares":true,"showImageEffects":true,"showParticleSystems":true},"in2DMode":false,"pivot":{"x":-56.40586853027344,"y":0.8374527096748352,"z":57.041969299316409},"rotation":{"x":-0.31187036633491518,"y":0.07879334688186646,"z":-0.026149457320570947,"w":-0.9464907646179199},"size":0.2097066044807434,"orthographic":false}