{"cameraMode":{"drawMode":0,"name":"Shaded","section":"Shading Mode"},"sceneLighting":false,"audioPlay":false,"sceneViewState":{"showFog":true,"showMaterialUpdate":false,"showSkybox":false,"showFlares":true,"showImageEffects":true,"showParticleSystems":true},"in2DMode":false,"pivot":{"x":-0.19200000166893006,"y":1.0499999523162842,"z":-0.12099999934434891},"rotation":{"x":-0.18261371552944184,"y":-0.23717552423477174,"z":0.0454443022608757,"w":-0.9530660510063171},"size":0.285788357257843,"orthographic":false}