{"cameraMode":{"drawMode":0,"name":"Shaded","section":"Shading Mode"},"sceneLighting":true,"audioPlay":false,"sceneViewState":{"showFog":true,"showMaterialUpdate":true,"showSkybox":true,"showFlares":true,"showImageEffects":true,"showParticleSystems":true},"in2DMode":false,"pivot":{"x":-56.59965133666992,"y":3.1436610221862795,"z":54.85230255126953},"rotation":{"x":0.3536619246006012,"y":0.04007502645254135,"z":-0.015170691534876824,"w":0.9343913197517395},"size":1.3080029487609864,"orthographic":false}