{"cameraMode":{"drawMode":0,"name":"Shaded","section":"Shading Mode"},"sceneLighting":false,"audioPlay":false,"sceneViewState":{"showFog":true,"showMaterialUpdate":true,"showSkybox":false,"showFlares":true,"showImageEffects":true,"showParticleSystems":true},"in2DMode":false,"pivot":{"x":-0.0010560005903244019,"y":0.2465800642967224,"z":0.014649063348770142},"rotation":{"x":-0.1266920417547226,"y":0.5632575154304504,"z":-0.08790548145771027,"w":-0.8117652535438538},"size":1.2591333389282227,"orthographic":false}