{"cameraMode":{"drawMode":0,"name":"Shaded","section":"Shading Mode"},"sceneLighting":false,"audioPlay":false,"sceneViewState":{"showFog":true,"showMaterialUpdate":false,"showSkybox":false,"showFlares":true,"showImageEffects":true,"showParticleSystems":true},"in2DMode":false,"pivot":{"x":0.0013120174407958985,"y":0.3082250952720642,"z":-0.018311917781829835},"rotation":{"x":0.14650118350982667,"y":-0.4397294223308563,"z":0.07294914871454239,"w":0.8830933570861816},"size":1.573642611503601,"orthographic":true}