{"cameraMode":{"drawMode":0,"name":"Shaded","section":"Shading Mode"},"sceneLighting":false,"audioPlay":false,"sceneViewState":{"showFog":true,"showMaterialUpdate":true,"showSkybox":false,"showFlares":true,"showImageEffects":true,"showParticleSystems":true},"in2DMode":false,"pivot":{"x":0.0,"y":1.0848500728607178,"z":-0.3319999873638153},"rotation":{"x":-0.2716897428035736,"y":-0.08733349293470383,"z":0.02476690150797367,"w":-0.9580941200256348},"size":0.36932823061943056,"orthographic":false}